{
  "incomeCategory": [
    {
      "id": "1",
      "title": "급여"
    },
    {
      "id": "2",
      "title": "용돈"
    },
    {
      "id": "3",
      "title": "이자"
    },
    {
      "id": "4",
      "title": "보너스"
    },
    {
      "id": "5",
      "title": "금융수입"
    },
    {
      "id": "6",
      "title": "보험금"
    },
    {
      "id": "7",
      "title": "기타수입"
    }
  ],
  "expenseCategory": [
    {
      "id": "1",
      "title": "식비"
    },
    {
      "id": "2",
      "title": "카페/간식"
    },
    {
      "id": "3",
      "title": "술/유흥"
    },
    {
      "id": "4",
      "title": "생활"
    },
    {
      "id": "5",
      "title": "교통"
    },
    {
      "id": "6",
      "title": "주거/통신"
    },
    {
      "id": "7",
      "title": "교육"
    },
    {
      "id": "8",
      "title": "건강"
    },
    {
      "id": "9",
      "title": "문화/여가"
    },
    {
      "id": "10",
      "title": "여행"
    }
  ],
  "date": [
    {
      "id": "1",
      "number": "1"
    },
    {
      "id": "2",
      "number": "2"
    },
    {
      "id": "3",
      "number": "3"
    },
    {
      "id": "4",
      "number": "4"
    },
    {
      "id": "5",
      "number": "5"
    },
    {
      "id": "6",
      "number": "6"
    },
    {
      "id": "7",
      "number": "7"
    },
    {
      "id": "8",
      "number": "8"
    },
    {
      "id": "9",
      "number": "9"
    },
    {
      "id": "10",
      "number": "10"
    },
    {
      "id": "11",
      "number": "11"
    },
    {
      "id": "12",
      "number": "12"
    },
    {
      "id": "13",
      "number": "13"
    },
    {
      "id": "14",
      "number": "14"
    },
    {
      "id": "15",
      "number": "15"
    },
    {
      "id": "16",
      "number": "16"
    },
    {
      "id": "17",
      "number": "17"
    },
    {
      "id": "18",
      "number": "18"
    },
    {
      "id": "19",
      "number": "19"
    },
    {
      "id": "20",
      "number": "20"
    },
    {
      "id": "21",
      "number": "21"
    },
    {
      "id": "22",
      "number": "22"
    },
    {
      "id": "23",
      "number": "23"
    },
    {
      "id": "24",
      "number": "24"
    },
    {
      "id": "25",
      "number": "25"
    },
    {
      "id": "26",
      "number": "26"
    },
    {
      "id": "27",
      "number": "27"
    },
    {
      "id": "28",
      "number": "28"
    },
    {
      "id": "29",
      "number": "29"
    },
    {
      "id": "30",
      "number": "30"
    },
    {
      "id": "31",
      "number": "31"
    }
  ],
  "detail": [],
  "income": [],
  "expense": [],
  "totalIncome": [],
  "totalExpense": [],
  "totalMoney": [],
  "goal": [],
  "memo": []
}
